Seller Central Amazon.in,ASIN,Amazon.com,Price,Quantity,Title
408-4870009-9733125,B08JLTDKHS,112-1815601-9677016,,,
404-8712750-6212352,B08GS74W3K,112-2869753-7173057,,,
408-1498953-3866768,B07T84CFTX,112-5787295-6350602,,,
408-1498953-3866768,B096KD5GL9,112-5303828-9813835,,,
405-8871673-4457139,B0828Z2SVV,112-2010066-8943463,,,
405-1978304-7409944,B0C9J1VSHS,112-7850930-8795408,,,
171-0757285-0334739,B0CLNJB79Z,112-0064574-0761000,,,
403-4713820-9124316,B0BTPM36KZ,112-6743690-9029024,,,
171-7500255-0553966,B0BNKZTFFW,112-2303800-2657067,,,
403-9949253-2187556,B087G4YQFL,112-0414798-3850642,,,
407-7382008-1285139,B0D9W1ZLC4,112-4697218-4977032,,,
405-1065521-5752366,B07Z967XT6,112-0082454-7202652,,,
405-9102542-4733919,B0BBQZDHDB,112-1207837-8010644,,,
403-4809388-0880349,B0BCCGYS9L,112-0605931-8701051,,,
402-7246268-9246719,B081SFCNDJ,112-6971108-5411458,,,
404-4222890-7248343,B08RF38KHT,112-9610998-9045829,,,
404-0384856-7537904,B09WYC8YMY,112-0921940-8329864,,,
405-4948249-8397158,B0CLL3JQLX,112-1503849-3221024,,,
405-3543356-8331500,B07XGD9XJL,112-0284839-0293004,,,
171-5823051-0864316,B0887YHPDM,112-7442316-2984267,,,
403-4346991-5703544,B0CKQX4R2L,112-6279274-1697862,,,
403-6917379-2261966,B017H13DFS,112-9076921-7129839,,,
405-5270086-1677140,B0BVVB4F2C,112-2445817-3151429,,,
403-4236556-7689930,B07BZMPL28,112-9444637-8597058,,,
404-7520655-8770728,B07VFDYNL4,112-1359308-5977827,,,
402-9265110-7025960,B0BT58S323,112-6587458-5581844,,,
402-5965148-6929167,B0D324W1TT,112-7448742-3270618,,,
406-3317373-3103515,B0060RBZA6,112-0559525-2417052,,,
406-1577197-8207522,B081B8R7MV,112-5304871-9333854,,,
